City_ID,City,Lat,Lng,Max Temp,Humidity,Cloudiness,Wind Speed,Country,Date
0,polyarnyy,69.1989,33.4478,7.38,98,100,7.34,RU,1727513596
1,port-aux-francais,-49.35,70.2167,2.19,64,45,12.36,TF,1727513597
2,hithadhoo,-0.6,73.0833,28.02,79,65,4.83,MV,1727513599
3,nova sintra,14.8667,-24.7167,26.78,81,100,3.82,CV,1727513600
4,panaba,21.2833,-88.2667,23.93,95,100,1.37,MX,1727513601
5,mugia,43.1041,-9.2179,14.48,75,92,4.42,ES,1727513602
6,blackmans bay,-43.0167,147.3167,15.07,76,81,0.45,AU,1727513603
7,puerto natales,-51.7236,-72.4875,-1.09,86,99,2.52,CL,1727513604
8,albany,42.6001,-73.9662,15.3,77,100,1.28,US,1727513319
9,waitangi,-43.9535,-176.5597,7.68,83,93,6.71,NZ,1727513606
10,adamstown,-25.066,-130.1015,20.69,85,89,2.67,PN,1727513607
11,port mathurin,-19.6833,63.4167,22.48,79,32,8.25,MU,1727513608
12,puerto ayora,-0.7393,-90.3518,20.31,96,100,2.68,EC,1727513609
13,daru,-9.0763,143.2092,25.98,86,55,5.83,PG,1727513610
14,yesilova,37.5081,29.7547,25.57,25,0,1.47,TR,1727513611
15,longyearbyen,78.2186,15.6401,-0.09,69,75,1.54,SJ,1727513613
16,grytviken,-54.2811,-36.5092,2.22,89,100,6.25,GS,1727513614
17,hailin,44.5833,129.4167,15.18,67,7,0.95,CN,1727513616
18,tralee,52.2704,-9.7026,9.14,100,0,1.03,IE,1727513617
19,talnakh,69.4865,88.3972,1.33,99,100,3.74,RU,1727513618
20,port lincoln,-34.7333,135.8667,16.08,86,94,9.44,AU,1727513619
21,whangarei,-35.7317,174.3239,7.12,95,0,1.45,NZ,1727513356
22,buala,-8.145,159.5921,26.48,86,71,2.82,SB,1727513621
23,muisne,0.6,-80.0333,23.0,89,100,4.87,EC,1727513622
24,embi,48.8264,58.1442,21.72,20,0,2.98,KZ,1727513623
25,jinan,36.6683,116.9972,29.31,36,22,3.19,CN,1727513624
26,aykhal,66.0,111.5,0.25,76,100,10.16,RU,1727513625
27,ubinskoye,55.3068,79.6802,10.02,45,100,3.74,RU,1727513626
28,west island,-12.1568,96.8225,27.99,65,43,7.2,CC,1727513627
29,la sarre,48.8002,-79.1996,10.56,94,0,2.43,CA,1727513628
30,ribeira grande,38.5167,-28.7,24.22,88,75,5.14,PT,1727513631
31,yuzhno-kurilsk,44.0306,145.8556,15.32,95,100,3.4,RU,1727513632
32,luderitz,-26.6481,15.1594,17.57,68,1,5.35,NA,1727513633
33,makoua,0.0069,15.6333,27.4,69,100,2.13,CG,1727513634
34,bilaspur,22.0833,82.15,30.05,73,98,4.37,IN,1727513635
35,pangody,65.85,74.4859,12.87,72,96,5.74,RU,1727513636
36,ushuaia,-54.8,-68.3,-2.19,86,40,12.86,AR,1727513528
37,hasaki,35.7333,140.8333,23.55,75,100,6.77,JP,1727513638
38,kayangel,8.0823,134.7173,29.19,74,34,3.7,PW,1727513639
39,la ronge,55.1001,-105.2842,7.14,81,20,2.06,CA,1727513640
40,taltal,-25.4,-70.4833,12.3,84,29,0.15,CL,1727513641
41,bilibino,68.0546,166.4372,-2.63,56,100,1.45,RU,1727513642
42,udachny,66.4167,112.4,0.77,83,100,8.49,RU,1727513643
43,ilulissat,69.2167,-51.1,3.01,100,100,2.06,GL,1727513644
44,turiacu,-1.6633,-45.3717,23.78,91,97,2.55,BR,1727513645
45,kapuskasing,49.4169,-82.4331,12.05,100,0,1.03,CA,1727513646
46,hermanus,-34.4187,19.2345,17.67,70,100,10.06,ZA,1727513389
47,wailua homesteads,22.0669,-159.378,25.44,85,100,7.72,US,1727513649
48,vikhorevka,56.1201,101.1636,4.38,66,98,3.6,RU,1727513650
49,east london,-33.0153,27.9116,18.52,82,0,2.06,ZA,1727513651
50,lompoc,34.6391,-120.4579,13.41,97,100,1.54,US,1727513652
51,margaret river,-33.95,115.0667,13.46,58,68,5.47,AU,1727513653
52,la gi,10.6667,107.7833,28.36,76,100,2.91,VN,1727513654
53,abong mbang,3.9833,13.1833,19.77,100,100,1.24,CM,1727513655
54,irtyshsk,53.3333,75.4572,11.36,57,100,3.42,KZ,1727513656
55,guerrero negro,27.9769,-114.0611,18.25,90,0,7.34,MX,1727513657
56,crane,31.3974,-102.3501,22.52,46,0,2.98,US,1727513658
57,mount gambier,-37.8333,140.7667,21.46,28,100,6.53,AU,1727513659
58,papao,-17.75,-149.55,25.82,82,12,6.71,PF,1727513660
59,howard springs,-12.497,131.047,30.95,67,0,4.13,AU,1727513661
60,new norfolk,-42.7826,147.0587,12.73,74,79,1.11,AU,1727513662
61,port loko,8.7667,-12.7833,23.56,98,100,0.72,SL,1727513663
62,pola de siero,43.3923,-5.6634,13.61,92,70,0.41,ES,1727513664
63,tartu,58.3806,26.7251,13.14,83,100,4.63,EE,1727513665
64,tiksi,71.6872,128.8694,-3.35,92,32,2.81,RU,1727513667
65,bethel,41.3712,-73.414,17.79,89,100,1.84,US,1727513668
66,acarau,-2.8856,-40.12,25.61,78,94,6.52,BR,1727513669
67,yellowknife,62.456,-114.3525,3.56,97,20,3.6,CA,1727513670
68,karratha,-20.7377,116.8463,26.4,43,1,6.79,AU,1727513671
69,labrador city,52.9463,-66.9114,5.1,90,20,4.92,CA,1727513675
70,vylkove,45.4021,29.586,24.12,59,0,5.76,UA,1727513676
71,raja,8.4596,25.678,31.18,57,72,1.71,SS,1727513677
72,shubarshi,48.5872,57.1869,21.17,18,0,3.66,KZ,1727513678
73,metlili chaamba,32.2667,3.6333,30.52,30,0,0.0,DZ,1727513679
74,xai-xai,-25.0519,33.6442,27.84,44,91,2.07,MZ,1727513680
75,san antonio de pale,-1.4014,5.6325,25.4,83,91,5.9,GQ,1727513681
76,khandyga,62.6667,135.6,3.67,78,100,1.03,RU,1727513682
77,vila franca do campo,37.7167,-25.4333,23.23,87,58,5.22,PT,1727513684
78,saldanha,-33.0117,17.9442,15.03,75,91,6.58,ZA,1727513685
79,thompson,55.7435,-97.8558,5.09,100,0,0.0,CA,1727513686
80,fale old settlement,-9.3852,-171.2468,28.31,76,10,4.51,TK,1727513687
81,strezhevoy,60.7333,77.5889,11.58,80,100,5.74,RU,1727513688
82,novogrudok,53.6,25.8333,17.01,63,81,7.33,BY,1727513689
83,edinburgh of the seven seas,-37.0676,-12.3116,9.81,67,94,6.59,SH,1727513690
84,iqaluit,63.7506,-68.5145,3.85,93,75,1.03,CA,1727513691
85,el nido,11.1858,119.3956,30.08,82,100,2.69,PH,1727513692
86,chibougamau,49.9168,-74.3659,12.79,94,100,1.54,CA,1727513693
87,newman,37.3138,-121.0208,21.11,32,0,1.07,US,1727513694
88,ust-nera,64.5667,143.2,1.46,78,98,2.93,RU,1727513695
89,owen sound,44.5672,-80.9435,16.05,94,100,0.45,CA,1727513466
90,qaqortoq,60.7167,-46.0333,3.27,88,100,1.22,GL,1727513698
91,invercargill,-46.4,168.35,10.57,81,91,7.15,NZ,1727513699
92,umm kaddadah,13.6017,26.6876,36.35,17,32,5.47,SD,1727513701
93,fort st. john,56.2499,-120.8529,6.94,57,0,7.72,CA,1727513702
94,whitehorse,60.7161,-135.0538,3.43,74,75,4.63,CA,1727513703
95,ha'il,27.5219,41.6907,36.01,17,0,1.03,SA,1727513704
96,nushki,29.5542,66.0215,31.94,16,0,3.67,PK,1727513705
97,quellon,-43.1167,-73.6167,9.02,94,100,5.24,CL,1727513706
98,puerto colombia,10.9878,-74.9547,28.05,81,100,5.99,CO,1727513707
99,tambura,5.6,27.4667,31.26,54,94,1.16,SS,1727513709
100,rio grande,-32.035,-52.0986,12.95,90,0,1.92,BR,1727513574
101,papatowai,-46.5619,169.4708,9.73,75,76,9.83,NZ,1727513711
102,andergrove,-21.0833,149.1833,21.19,79,0,1.66,AU,1727513712
103,nizhnyaya poyma,56.1622,97.1933,4.04,72,98,2.18,RU,1727513713
104,yerofey pavlovich,53.9667,121.9667,5.99,54,100,3.83,RU,1727513714
105,el bauga,18.262,33.9081,40.78,16,100,1.62,SD,1727513715
106,douglas,41.3,-96.167,16.82,79,0,2.06,US,1727513718
107,stanley,54.868,-1.6985,7.01,74,0,3.09,GB,1727513719
108,carnarvon,-24.8667,113.6333,20.55,44,11,8.98,AU,1727513720
109,mercedes,-34.6515,-59.4307,10.44,89,33,3.58,AR,1727513721
110,olonkinbyen,70.9221,-8.7187,-1.39,76,99,9.63,SJ,1727513722
111,tommot,58.9564,126.2925,3.3,76,70,3.78,RU,1727513723
112,qiancheng,27.185,109.7654,32.98,46,87,3.39,CN,1727513724
113,severnoye,56.3491,78.3619,5.66,81,100,4.46,RU,1727513725
114,usinsk,65.9939,57.5281,10.79,81,100,12.45,RU,1727513726
115,labuan,5.2767,115.2417,31.2,74,20,2.68,MY,1727513727
116,hamilton,39.1834,-84.5333,19.67,93,100,6.69,US,1727513476
117,masuguru,-11.3667,38.4167,35.18,23,16,1.74,TZ,1727513729
118,tolanaro,-25.0319,46.9987,28.04,65,20,5.66,MG,1727513730
119,ixtapa,20.7,-105.2,23.42,91,100,1.51,MX,1727513731
120,gunjur,13.2019,-16.7339,24.04,94,75,3.6,GM,1727513732
121,petropavlovsk-kamchatsky,53.0452,158.6483,5.33,100,100,2.0,RU,1727513734
122,pandan,14.0453,124.1694,28.73,80,100,5.42,PH,1727513735
123,okha,53.5739,142.9478,9.87,88,83,5.49,RU,1727513736
124,gasa,31.5,34.4667,28.98,49,0,3.96,PS,1727513737
125,nishinoomote,30.7333,131.0,27.31,89,75,3.09,JP,1727513738
126,aasiaat,68.7098,-52.8699,2.76,97,100,3.21,GL,1727513739
127,gamba,-2.65,10.0,26.7,75,75,3.01,GA,1727513740
128,lobez,53.6392,15.6213,12.05,84,43,7.64,PL,1727513741
129,brokopondo,4.75,-55.1667,25.19,87,38,2.35,SR,1727513742
130,gazojak,41.1875,61.4036,23.38,12,1,9.26,TM,1727513743
131,tannum sands,-23.9504,151.3693,22.94,64,19,3.09,AU,1727513744
132,katima mulilo,-17.5,24.2667,37.69,10,4,3.94,NA,1727513745
133,lerwick,60.1545,-1.1494,7.74,67,25,8.0,GB,1727513746
134,isafjordur,66.0755,-23.124,3.02,65,100,7.72,IS,1727513747
135,sovetskaya gavan',48.9723,140.2878,11.05,89,7,2.59,RU,1727513748
136,cabedelo,-6.9811,-34.8339,24.37,84,57,5.13,BR,1727513700
137,bargaal,11.2864,51.0773,32.73,52,68,4.32,SO,1727513750
138,hede,33.7681,120.2517,23.58,69,1,4.32,CN,1727513752
139,bintulu,3.1667,113.0333,32.23,66,20,3.6,MY,1727513753
140,salalah,17.0151,54.0924,30.05,74,75,7.2,OM,1727513754
141,north bend,43.4065,-124.2243,10.95,100,20,2.57,US,1727513755
142,tabou,4.423,-7.3528,25.8,86,100,3.5,CI,1727513756
143,sechura,-5.5569,-80.8222,17.45,83,100,4.41,PE,1727513757
144,buka,40.8108,69.1986,26.07,19,0,4.09,UZ,1727513759
145,alice springs,-23.7,133.8833,31.75,23,0,5.14,AU,1727513760
146,meleuz,52.9667,55.9167,19.18,31,0,3.53,RU,1727513761
147,chonchi,-42.6128,-73.8092,9.51,96,100,2.98,CL,1727513762
148,bredasdorp,-34.5322,20.0403,18.56,44,79,8.3,ZA,1727513763
149,motygino,58.1831,94.7592,7.07,51,88,3.6,RU,1727513764
150,ibotirama,-12.1853,-43.2206,20.88,66,61,0.99,BR,1727513535
151,jamestown,42.097,-79.2353,18.9,91,100,3.09,US,1727513766
152,wuhu,31.3366,118.3755,26.93,63,0,6.38,CN,1727513768
153,paita,-5.0892,-81.1144,16.7,89,99,3.54,PE,1727513769
154,vilyuchinsk,52.9306,158.4028,6.15,67,38,3.05,RU,1727513770
155,hotan,37.0997,79.9269,23.51,16,15,8.72,CN,1727513771
156,sao miguel do araguaia,-13.275,-50.1628,26.81,31,4,3.01,BR,1727513772
157,trebic,49.2149,15.8817,16.05,74,0,2.57,CZ,1727513773
158,lake munmorah,-33.1936,151.5719,16.56,80,100,2.68,AU,1727513774
159,hawaiian paradise park,19.5933,-154.9731,22.16,94,100,2.06,US,1727513775
160,lambarene,-0.7001,10.2406,26.89,78,100,0.82,GA,1727513776
161,kiunga,-6.1219,141.2906,24.78,97,83,1.19,PG,1727513777
162,dilling,12.05,29.65,32.61,44,10,3.73,SD,1727513778
163,luis correia,-2.8792,-41.6669,24.36,82,84,5.78,BR,1727513780
164,atafu village,-8.5421,-172.5159,28.41,74,3,5.41,TK,1727513781
165,mapimi,25.8167,-103.85,20.88,41,48,2.7,MX,1727513782
166,dryden,49.7833,-92.7503,12.16,87,0,3.09,CA,1727513783
167,pokhara,28.2333,83.9833,19.16,99,100,0.76,NP,1727513781
168,antsiranana,-12.2787,49.2917,31.42,37,20,8.23,MG,1727513645
169,kamareddi,18.3167,78.35,28.5,71,88,3.93,IN,1727513787
170,kralendijk,12.15,-68.2667,28.99,79,20,4.12,BQ,1727513788
171,hoeryong,42.4428,129.7508,13.53,79,3,2.09,KP,1727513789
172,roquetas de mar,36.7642,-2.6148,24.78,56,7,9.44,ES,1727513791
173,kailua-kona,19.6406,-155.9956,25.15,91,80,0.63,US,1727513792
174,yaren,-0.5472,166.916,28.41,64,97,1.58,NR,1727513793
175,kas,36.2018,29.6377,31.53,34,0,1.76,TR,1727513794
176,nova vicosa,-17.8919,-39.3719,22.83,85,3,3.92,BR,1727513795
177,portoferraio,42.8115,10.3146,22.76,58,23,3.38,IT,1727513796
178,port elizabeth,-33.918,25.5701,19.62,81,0,8.75,ZA,1727513797
179,saint-amand-montrond,46.75,2.5,11.27,76,25,3.41,FR,1727513798
180,aqaba,29.5267,35.0078,30.92,45,0,7.2,JO,1727513799
181,richards bay,-28.783,32.0377,26.41,49,48,5.83,ZA,1727513800
182,glen innes,-29.7333,151.7333,8.97,88,99,6.42,AU,1727513801
183,kirakira,-10.4544,161.9205,25.73,87,100,4.75,SB,1727513802
184,nikolayevsk-on-amure,53.1406,140.73,12.2,80,100,1.95,RU,1727513803
185,freeport,40.6576,-73.5832,19.47,86,75,4.63,US,1727513804
186,saiki,32.95,131.9,24.95,81,100,3.09,JP,1727513805
187,yamada,39.4667,141.95,16.84,90,99,3.3,JP,1727513807
188,punta del este,-34.9667,-54.95,11.6,96,0,3.09,UY,1727513808
189,kem',64.9555,34.5793,11.54,83,100,7.58,RU,1727513809
190,bamboo flat,11.7,92.7167,31.05,74,40,2.06,IN,1727513810
191,bela crkva,44.8975,21.4172,27.83,47,93,0.89,RS,1727513811
192,miquelon,47.0975,-56.3814,12.88,88,100,9.18,PM,1727513812
193,chipinge,-20.1883,32.6236,29.27,34,4,1.27,ZW,1727513813
194,puerto ayacucho,5.6639,-67.6236,23.36,96,100,2.06,VE,1727513814
195,dunedin,-45.8742,170.5036,10.45,79,100,1.79,NZ,1727513815
196,beledweyne,4.7358,45.2036,34.82,34,26,6.01,SO,1727513816
197,afaahiti,-17.75,-149.2833,24.48,85,15,5.92,PF,1727513817
198,susz,53.7174,19.3365,14.35,78,98,3.58,PL,1727513774
199,bardai,11.65,7.2333,26.65,70,94,4.54,NG,1727513819
200,anadyr,64.75,177.4833,2.28,80,75,3.58,RU,1727513820
201,xapuri,-10.6517,-68.5044,18.94,91,59,0.81,BR,1727513821
202,brookings,44.3114,-96.7984,16.18,60,0,1.56,US,1727513710
203,fayetteville,35.0527,-78.8784,21.38,95,0,1.54,US,1727513590
204,dudinka,69.4058,86.1778,6.39,97,100,5.66,RU,1727513824
205,punta arenas,-53.15,-70.9167,-0.94,93,20,10.8,CL,1727513735
206,laguna,38.421,-121.4238,18.87,61,0,1.54,US,1727513827
207,fort dodge,42.4975,-94.168,12.0,94,0,0.0,US,1727513794
208,iskateley,67.6803,53.1512,11.99,92,100,8.52,RU,1727513829
209,prado,-17.3411,-39.2208,22.0,88,51,4.21,BR,1727513830
210,mabaruma,8.2,-59.7833,22.91,100,100,0.74,GY,1727513831
211,sao tome,0.3365,6.7273,25.95,84,98,2.64,ST,1727513832
212,enewetak,11.3474,162.3373,29.13,76,10,7.5,MH,1727513833
213,magadan,59.5667,150.8,5.93,91,100,4.09,RU,1727513834
214,strathmore,51.0501,-113.3852,9.07,46,26,2.57,CA,1727513836
215,glencoe,-28.1783,30.147,27.98,16,100,3.04,ZA,1727513838
216,megion,61.0296,76.1136,14.01,76,100,6.35,RU,1727513839
217,fuglafjordur,62.244,-6.814,5.09,72,100,6.42,FO,1727513840
218,puerto deseado,-47.7503,-65.8938,5.23,88,83,2.38,AR,1727513751
219,lamu,-2.2717,40.902,27.5,65,75,6.08,KE,1727513655
220,moyale,3.5167,39.0584,26.6,42,61,5.02,KE,1727513843
221,aioun,16.6614,-9.6149,31.69,45,87,4.97,MR,1727513844
222,palafrugell,41.9174,3.1631,17.92,42,24,3.58,ES,1727513643
223,caleta de carquin,-11.0925,-77.6267,16.48,89,99,2.95,PE,1727513846
224,namibe,-15.1961,12.1522,22.84,78,91,1.89,AO,1727513847
225,berezovyy,51.6667,135.7,14.69,66,89,1.61,RU,1727513848
226,nuevo imperial,-13.0754,-76.3172,15.94,87,100,2.01,PE,1727513849
227,kununurra,-15.7667,128.7333,29.99,66,87,0.51,AU,1727513850
228,nadi,-17.8,177.4167,25.0,73,20,1.03,FJ,1727513851
229,bikenibeu village,1.3673,173.1241,27.98,74,20,3.09,KI,1727513852
230,gadzhiyevo,69.2551,33.3362,7.37,98,100,8.51,RU,1727513853
231,rye,40.9807,-73.6837,19.67,84,75,3.6,US,1727513854
232,sandnessjoen,66.0217,12.6316,5.23,87,75,8.75,NO,1727513856
233,serdar,38.9764,56.2757,24.8,9,98,9.1,TM,1727513857
234,alaghsas,17.0187,8.0168,33.94,26,0,4.12,NE,1727513859
235,bozhou,33.8772,115.7703,27.01,53,100,4.72,CN,1727513860
236,sitka,57.0531,-135.33,9.94,81,100,3.6,US,1727513861
237,necochea,-38.5473,-58.7368,13.94,42,42,8.34,AR,1727513714
238,labe,11.3182,-12.2833,20.4,92,98,1.79,GN,1727513863
239,avarua,-21.2078,-159.775,22.03,78,40,3.09,CK,1727513864
240,urangan,-25.3,152.9,17.69,76,76,8.73,AU,1727513865
241,badger,64.8,-147.5333,2.93,93,100,2.57,US,1727513866
242,saipan,15.1355,145.701,28.39,83,75,3.09,MP,1727513868
243,saint-philippe,-21.3585,55.7679,23.93,74,10,3.97,RE,1727513869
244,nantucket,41.2835,-70.0995,17.06,94,100,3.7,US,1727513853
245,klyuchi,52.2667,79.1667,11.34,32,7,0.95,RU,1727513871
246,medicine hat,50.0501,-110.6683,9.24,71,0,2.06,CA,1727513709
247,prince george,53.9166,-122.753,2.69,75,0,1.03,CA,1727513682
248,khanpur mahar,27.8436,69.4137,42.54,19,4,2.77,PK,1727513875
249,georgetown,5.4112,100.3354,31.97,62,40,4.63,MY,1727513560
250,binhe,32.6883,112.8275,32.37,40,20,5.63,CN,1727513877
251,princeville,45.7668,-61.2985,13.62,97,100,4.63,CA,1727513878
252,ghat,24.9647,10.1728,34.72,22,2,5.49,LY,1727513879
253,walvis bay,-22.9575,14.5053,18.53,68,0,2.57,NA,1727513880
254,cudillero,43.5622,-6.1459,15.28,81,20,3.6,ES,1727513844
255,acapulco de juarez,16.8634,-99.8901,21.59,93,100,3.39,MX,1727513767
256,pagar alam,-4.0167,103.2667,25.89,81,64,1.59,ID,1727513883
257,phan rang-thap cham,11.5667,108.9833,28.88,74,94,3.3,VN,1727513884
258,tuban,-6.8976,112.0649,30.5,68,4,6.23,ID,1727513885
259,san mateo del mar,16.2,-95.0,26.92,84,100,5.25,MX,1727513887
260,vilyuysk,63.7553,121.6247,3.04,71,75,1.85,RU,1727513783
261,klimavichy,53.6135,31.9385,23.36,49,48,8.59,BY,1727513834
262,tual,-5.6667,132.75,27.71,78,13,7.56,ID,1727513891
263,ancud,-41.8697,-73.8203,9.84,91,100,7.76,CL,1727513892
264,shlissel'burg,59.9473,31.0385,12.76,1,99,5.2,RU,1727513893
265,cockburn town,21.4612,-71.1419,28.74,78,100,7.29,TC,1727513894
266,sinop,41.7711,34.8709,28.07,32,0,0.78,TR,1727513884
267,chegdomyn,51.1167,133.0167,13.2,69,100,1.79,RU,1727513896
268,hammerfest,70.6634,23.6821,6.25,81,75,2.57,NO,1727513897
269,bovalino,38.149,16.174,28.5,40,96,1.83,IT,1727513898
270,ust'-barguzin,53.45,108.9833,8.65,44,100,2.87,RU,1727513899
271,potosi,-19.5836,-65.7531,5.55,84,4,0.83,BO,1727513900
272,kerikeri,-35.2268,173.9474,9.39,82,0,2.08,NZ,1727513901
273,jersey village,29.8877,-95.563,21.59,80,0,1.56,US,1727513902
274,lindale,32.5157,-95.4094,20.64,72,0,2.06,US,1727513903
275,soio,-6.1349,12.3689,25.61,77,95,2.77,AO,1727513904
276,kilindoni,-7.9139,39.6668,25.54,71,96,2.67,TZ,1727513906
277,egersund,58.4513,5.9997,10.18,65,90,9.83,NO,1727513774
278,tubarjal,30.4999,38.216,33.74,18,0,3.68,SA,1727513908
279,la chapelle-saint-luc,48.3173,4.0399,11.03,82,0,4.63,FR,1727513909
280,midvagur,62.0511,-7.1939,5.46,75,75,3.09,FO,1727513910
281,westport,41.1415,-73.3579,18.84,88,100,3.6,US,1727513646
282,namp'o,38.7375,125.4078,22.8,69,77,1.44,KP,1727513912
283,toliara,-23.35,43.6667,27.69,53,1,4.87,MG,1727513913
284,guthrie,35.8789,-97.4253,17.01,69,100,3.73,US,1727513914
285,nemuro,43.3236,145.575,15.61,92,100,6.68,JP,1727513915
286,khash,28.2211,61.2158,32.21,16,2,0.65,IR,1727513916
287,tosontsengel,48.7567,98.2839,5.08,36,100,4.01,MN,1727513917
288,tashtyp,52.7939,89.8983,7.63,40,99,2.23,RU,1727513918
289,vila velha,-20.3297,-40.2925,22.75,90,0,1.03,BR,1727513892
290,saint-pierre,-21.3393,55.4781,26.82,57,0,3.09,RE,1727513920
291,college,64.8569,-147.8028,2.97,92,75,2.57,US,1727513921
292,sur,22.5667,59.5289,34.2,45,8,3.82,OM,1727513922
293,butzow,53.85,11.9833,12.83,67,22,8.21,DE,1727513924
294,el porvenir,13.7617,-87.3458,21.47,96,100,1.33,HN,1727513925
295,greenville,35.6127,-77.3663,21.01,98,0,0.0,US,1727513845
296,hirara,24.8,125.2833,26.92,94,75,4.63,JP,1727513927
297,vallenar,-28.5708,-70.7581,14.03,67,0,1.26,CL,1727513860
298,tazovsky,67.4667,78.7,10.87,83,35,4.18,RU,1727513929
299,susuman,62.7833,148.1667,3.19,72,99,2.44,RU,1727513930
300,lihue,21.9789,-159.3672,25.77,85,100,7.72,US,1727513661
301,mahina,-17.5065,-149.489,25.87,83,0,1.03,PF,1727513932
302,sosnovka,56.255,51.2842,18.72,30,100,7.12,RU,1727513933
303,huarmey,-10.0681,-78.1522,16.83,89,100,3.31,PE,1727513934
304,nagqu,31.5,92.0,13.37,48,98,4.57,CN,1727513935
305,woodside,37.4299,-122.2539,18.57,65,0,0.45,US,1727513937
306,bel ombre,-4.6167,55.4167,29.91,66,40,6.17,SC,1727513938
307,launceston,-41.45,147.1667,12.8,66,77,4.63,AU,1727513939
308,sao gabriel da cachoeira,-0.1303,-67.0892,21.48,90,96,1.07,BR,1727513940
309,tura,25.5198,90.2201,26.58,91,100,1.07,IN,1727513941
310,uturoa,-16.7333,-151.4333,26.82,76,10,6.53,PF,1727513942
311,visby,57.6409,18.296,10.12,87,75,4.63,SE,1727513943
312,keflavik,64.0049,-22.5624,6.24,93,100,3.09,IS,1727513944
313,portland,45.5234,-122.6762,14.23,83,0,3.09,US,1727513830
314,nova olinda do norte,-3.8881,-59.0942,23.13,97,78,0.81,BR,1727513946
315,flin flon,54.7682,-101.865,9.74,68,0,4.32,CA,1727513947
316,amalapuram,16.5833,82.0167,31.62,64,68,2.79,IN,1727513948
317,sainte-anne-des-monts,49.124,-66.4924,8.93,100,98,2.57,CA,1727513949
318,ales,44.1333,4.0833,16.05,48,19,5.85,FR,1727513950
319,semnan,35.5729,53.3971,16.76,50,100,5.91,IR,1727513951
320,northam,51.0333,-4.2167,12.56,76,100,2.87,GB,1727513952
321,remire-montjoly,4.9167,-52.2667,25.02,100,0,0.51,GF,1727513953
322,holualoa,19.6228,-155.9522,23.08,89,82,0.55,US,1727513954
323,mount pearl,47.5166,-52.7813,11.09,93,100,4.63,CA,1727513703
324,mana,5.6592,-53.7767,25.78,90,76,3.75,GF,1727513957
325,tsiombe,-25.3,45.4833,29.47,42,44,2.64,MG,1727513958
326,renfrew,55.872,-4.3925,10.08,80,100,0.51,GB,1727513959
327,beaufort west,-32.3567,22.583,17.0,59,100,11.99,ZA,1727513960
328,erenhot,43.6475,111.9767,23.96,54,81,6.32,CN,1727513961
329,banjar,-8.19,114.9675,28.94,77,27,0.33,ID,1727513962
330,jiwani,25.05,61.7417,28.67,74,12,4.01,PK,1727513963
331,margate,51.3813,1.3862,10.94,77,0,0.45,GB,1727513964
332,labytnangi,66.6572,66.4183,12.9,68,100,5.11,RU,1727513965
333,alesund,62.4723,6.1549,9.31,81,75,10.29,NO,1727513966
334,rikaze,29.25,88.8833,16.27,40,100,0.98,CN,1727513967
335,mogocha,53.7333,119.7667,5.64,55,100,4.16,RU,1727513968
336,vorgashor,67.5833,63.95,9.61,91,100,6.57,RU,1727513969
337,montelibano,7.9829,-75.4229,24.07,94,100,0.97,CO,1727513970
338,kodiak,57.79,-152.4072,8.73,81,20,4.63,US,1727513971
339,itoman,26.1247,127.6694,27.01,89,75,3.09,JP,1727513972
340,irymple,-34.25,142.1667,20.61,35,100,5.23,AU,1727513974
341,obo,5.3998,26.4869,29.73,57,99,1.69,CF,1727513975
342,steinbach,50.1667,8.5667,14.24,69,40,6.17,DE,1727513976
343,haiku-pauwela,20.9219,-156.3051,24.03,75,0,6.17,US,1727513977
344,siwa oasis,29.2041,25.5195,29.41,33,0,2.68,EG,1727513978
345,henderson,36.0397,-114.9819,29.51,12,0,2.57,US,1727513979
346,alvorada,-12.48,-49.1247,25.41,31,9,2.21,BR,1727513980
347,eyl,7.9803,49.8164,33.11,49,70,9.71,SO,1727513981
348,palmer,42.1584,-72.3287,16.09,80,100,1.54,US,1727513982
349,ilha de mocambique,-15.0342,40.7358,26.1,69,0,6.55,MZ,1727513983
350,praia da vitoria,38.7333,-27.0667,24.14,78,20,7.09,PT,1727513984
351,fisterra,42.9049,-9.2629,14.71,71,99,4.99,ES,1727513985
352,arvayheer,46.2639,102.775,1.48,73,100,6.94,MN,1727513986
353,bahadurganj,26.2667,87.8167,25.05,85,100,4.22,IN,1727513987
354,utrik,11.2278,169.8474,28.49,79,67,6.86,MH,1727513988
355,bonthe,7.5264,-12.505,23.96,95,100,1.52,SL,1727513989
356,minas de marcona,-15.2119,-75.1103,11.16,86,73,1.72,PE,1727513990
357,ibicui,-14.8417,-39.9867,19.78,87,100,1.62,BR,1727513991
358,kongsvinger,60.1905,11.9977,3.2,89,100,1.76,NO,1727513993
359,gadani,25.1185,66.7299,29.17,74,81,6.56,PK,1727513994
360,nadym,65.5333,72.5167,14.46,63,79,7.46,RU,1727513995
361,tahoua,14.8888,5.2692,28.99,74,40,6.17,NE,1727513996
362,l'govskiy,51.6307,35.2775,25.28,37,14,8.28,RU,1727513997
363,kingston,17.997,-76.7936,27.53,83,75,4.12,JM,1727513891
364,uliastay,47.7417,96.8444,5.96,26,100,4.63,MN,1727513701
365,alofi,-19.0595,-169.9187,22.94,83,20,4.12,NU,1727514000
366,severo-yeniseyskiy,60.3725,93.0408,2.79,66,100,4.16,RU,1727514001
367,jabat,7.75,168.9751,28.76,75,100,4.68,MH,1727514002
368,dongfeng,42.6403,125.5118,18.82,67,22,1.2,CN,1727514004
369,arucas,28.1198,-15.5233,22.43,89,99,4.82,ES,1727514005
370,champerico,14.3,-91.9167,26.44,82,100,4.8,GT,1727514006
371,tshabong,-26.05,22.45,27.94,14,99,2.91,BW,1727514007
372,yatou,37.15,122.3833,21.33,78,100,2.6,CN,1727514009
373,pitanga,-24.7572,-51.7614,10.6,84,0,1.93,BR,1727514010
374,robore,-18.3333,-59.75,17.27,73,0,0.45,BO,1727514011
375,tsetserleg,47.475,101.4542,0.37,100,100,0.74,MN,1727514012
376,prince rupert,54.3161,-130.3201,9.83,87,47,6.69,CA,1727514013
377,hajo,26.25,91.5333,26.02,100,75,4.12,IN,1727514015
378,valdivia,-39.8142,-73.2459,10.05,100,100,1.13,CL,1727513791
379,mongo,12.1844,18.693,32.07,49,85,2.14,TD,1727514017
380,south hedland,-20.4089,118.5983,28.96,39,75,7.72,AU,1727514018
381,akureyri,65.6835,-18.0878,-1.04,86,0,1.03,IS,1727514019
382,cabo san lucas,22.8909,-109.9124,24.86,67,1,5.36,MX,1727513734
383,palikir - national government center,6.9248,158.1611,25.47,94,100,2.06,FM,1727514021
384,egilsstadir,65.2653,-14.3948,-2.05,74,20,2.06,IS,1727514022
385,luau,-10.7073,22.2247,36.27,14,64,1.42,AO,1727514023
386,pitimbu,-7.4706,-34.8086,24.85,83,99,5.15,BR,1727514024
387,whitecourt,54.1502,-115.6855,5.71,58,37,2.34,CA,1727514025
388,galich,58.3797,42.3475,13.52,90,100,5.69,RU,1727514027
389,narok,-1.0783,35.8601,25.31,42,85,3.03,KE,1727514028
390,chuguyevka,44.1653,133.8633,13.48,76,0,1.08,RU,1727514029
391,tomatlan,19.9333,-105.25,23.06,94,100,1.48,MX,1727514030
392,pizarro,4.9533,-77.366,25.16,88,100,2.36,CO,1727514031
393,saquarema,-22.92,-42.5103,20.56,88,100,6.42,BR,1727514032
394,callao,-12.0667,-77.15,17.07,88,100,4.12,PE,1727514033
395,belmonte,-15.8631,-38.8828,22.8,82,90,3.1,BR,1727514034
396,port blair,11.6667,92.75,31.02,74,40,2.06,IN,1727513944
397,ad dabbah,18.05,30.95,40.83,13,17,4.35,SD,1727514036
398,okhotsk,59.3833,143.3,8.55,97,100,5.73,RU,1727514037
399,porto real do colegio,-10.1858,-36.84,21.66,91,1,1.26,BR,1727514038
400,nguigmi,14.2495,13.1092,33.42,34,100,2.98,NE,1727514039
401,huruta,8.15,39.35,22.81,56,76,4.58,ET,1727514040
402,springfield,37.2153,-93.2982,16.79,75,0,6.26,US,1727513885
403,saint-joseph,-21.3667,55.6167,26.21,73,12,0.48,RE,1727514044
404,kiama,-34.6833,150.8667,15.88,79,95,0.45,AU,1727514045
405,polevskoy,56.4422,60.1878,16.0,40,96,5.36,RU,1727514046
406,dedougou,12.4667,-3.4667,27.37,75,100,4.34,BF,1727514047
407,vadso,70.0744,29.7487,6.09,87,100,7.72,NO,1727514048
408,ad dawadimi,24.5077,44.3924,35.64,11,1,4.82,SA,1727514049
409,achinsk,56.2694,90.4993,4.51,68,100,2.17,RU,1727514050
410,kaga bandoro,6.9896,19.1874,25.18,82,100,3.36,CF,1727514051
411,pont rouge,48.8833,-72.0825,12.58,97,100,1.81,CA,1727514052
412,lhasa,29.65,91.1,18.05,47,95,3.85,CN,1727514053
413,rio brilhante,-21.8019,-54.5464,17.53,50,3,2.46,BR,1727514054
414,krasnyy kholm,58.0607,37.1203,18.36,78,100,7.69,RU,1727514055
415,kisangani,0.5167,25.2,25.69,77,100,1.93,CD,1727514056
416,zavodoukovsk,56.5042,66.5515,19.15,35,31,5.04,RU,1727514058
417,tashla,51.7716,52.7427,21.92,19,1,4.03,RU,1727514059
418,nogliki,51.8333,143.1667,9.19,86,41,3.66,RU,1727514060
419,blackwater,-23.5833,148.8833,22.4,31,0,2.97,AU,1727514061
420,dajal,29.5577,70.3762,41.91,18,0,0.25,PK,1727514062
421,borogontsy,62.6683,131.1683,3.87,78,92,3.23,RU,1727514063
422,peterhead,57.5058,-1.7981,8.23,72,87,7.89,GB,1727514064
423,bei'an,46.4398,126.2373,17.37,61,5,3.48,CN,1727514065
424,veraval,20.9,70.3667,26.56,82,100,5.01,IN,1727514066
425,rosario oeste,-14.8361,-56.4275,23.33,62,1,2.43,BR,1727514067
426,isangel,-19.55,169.2667,22.41,86,100,3.45,VU,1727514068
427,kayenta,36.7278,-110.2546,19.25,22,0,1.2,US,1727514069
428,sheregesh,52.9209,87.9869,3.26,69,99,1.2,RU,1727514070
429,grand-lahou,5.1367,-5.0242,25.04,89,100,2.04,CI,1727514071
430,hlybokaye,55.1382,27.6879,14.88,86,100,6.59,BY,1727514072
431,axim,4.8699,-2.2405,26.41,79,94,2.46,GH,1727514074
432,skelleftea,64.7507,20.9528,10.0,71,0,4.63,SE,1727513941
433,villa regina,-39.1,-67.0667,11.1,22,100,7.6,AR,1727513853
434,conceicao do mato dentro,-19.0372,-43.425,17.23,66,0,0.24,BR,1727514031
435,huai'an,33.5886,119.0192,25.65,63,35,5.52,CN,1727514078
436,bodo,67.28,14.405,5.02,84,100,5.14,NO,1727514079
437,timbuktu,16.7735,-3.0074,34.77,30,6,4.62,ML,1727514080
438,akhuryan,40.78,43.9003,17.84,42,0,2.57,AM,1727514081
439,antalaha,-14.9003,50.2788,26.39,63,51,5.15,MG,1727514082
440,comandante fontana,-25.3345,-59.6821,12.2,76,0,2.19,AR,1727514083
441,san fernando del valle de catamarca,-28.4696,-65.7852,17.1,57,0,0.45,AR,1727513881
442,tazacorte,28.629,-17.9293,22.86,90,20,3.09,ES,1727514086
443,kapa'a,22.0752,-159.319,25.61,76,18,5.05,US,1727514087
444,carazinho,-28.2839,-52.7864,9.96,90,0,3.23,BR,1727514088
445,ola,59.5833,151.2833,6.06,92,100,3.98,RU,1727514089
446,sao joao da barra,-21.6403,-41.0511,22.23,79,100,8.77,BR,1727514090
447,nyala,12.05,24.8833,34.75,29,57,1.42,SD,1727514091
448,yokaichiba,35.7,140.55,23.18,83,75,4.12,JP,1727514092
449,hafar al-batin,28.4328,45.9708,36.32,10,0,6.17,SA,1727514093
450,noosa heads,-26.3833,153.15,17.95,79,99,9.58,AU,1727514069
451,kenai,60.5544,-151.2583,4.52,93,20,1.54,US,1727514088
452,cidreira,-30.1811,-50.2056,14.34,90,3,0.95,BR,1727514097
453,cambria,35.5641,-121.0808,16.04,79,21,1.02,US,1727514098
454,balezino,57.9796,53.0106,17.71,31,100,8.74,RU,1727514099
455,williamsport,41.2412,-77.0011,19.5,95,100,2.06,US,1727513869
456,mongoumba,3.6415,18.5936,22.08,98,100,0.99,CF,1727514101
457,itacare,-14.2775,-38.9967,22.8,82,66,1.61,BR,1727514102
458,kalmunai,7.4167,81.8167,30.86,64,25,5.33,LK,1727514002
459,yanam,16.7333,82.2167,30.91,71,83,2.7,IN,1727514104
460,greymouth,-42.4667,171.2,6.46,93,97,0.23,NZ,1727514105
461,terrace,54.5163,-128.6035,7.95,100,100,1.03,CA,1727514079
462,ubari,26.5921,12.7805,32.84,19,0,5.21,LY,1727514108
463,pisco,-13.7,-76.2167,16.03,88,100,1.54,PE,1727514109
464,hami,42.8,93.45,13.63,35,100,4.26,CN,1727514110
465,yinchuan,38.4681,106.2731,25.87,50,79,6.13,CN,1727514111
466,badr hunayn,23.7829,38.7905,44.42,7,4,2.17,SA,1727514112
467,roma,43.2128,-75.4557,17.05,87,100,3.09,US,1727514113
468,gambiran satu,-8.3939,114.1464,29.11,65,32,1.77,ID,1727514115
469,west memphis,35.1465,-90.1845,16.17,87,100,3.58,US,1727514116
470,sully-sur-loire,47.7637,2.3724,12.14,68,10,2.28,FR,1727514117
471,alabat,14.1028,122.0153,30.02,77,100,4.94,PH,1727514118
472,ouro branco,-20.5208,-43.6919,16.54,90,38,2.79,BR,1727514088
473,el granada,37.5027,-122.4694,17.97,77,20,4.12,US,1727514120
474,coahuayana de hidalgo,18.7,-103.6583,23.4,95,100,1.54,MX,1727514121
475,ostersund,63.1792,14.6357,5.34,86,100,7.2,SE,1727514122
476,mukalla,14.5425,49.1242,30.09,75,91,3.94,YE,1727514123
477,ipora,-16.4419,-51.1178,22.76,62,1,3.61,BR,1727514124
478,hastings,50.8552,0.5729,9.94,69,0,4.18,GB,1727514125
479,port hueneme,34.1478,-119.1951,16.1,92,100,2.57,US,1727514126
480,tahe,52.3333,124.7333,9.28,66,100,0.88,CN,1727514127
481,kouango,4.9934,19.9619,24.33,93,100,2.54,CF,1727514128
482,kovdor,67.5662,30.4758,5.39,96,100,4.43,RU,1727514129
483,port moresby,-9.4431,147.1797,27.68,83,40,7.72,PG,1727514122
484,ambovombe,-25.1667,46.0833,28.05,45,1,1.31,MG,1727514131
485,abalak,58.1286,68.5944,17.04,47,78,3.99,RU,1727514132
486,ta`u,-14.2336,-169.5144,27.03,81,72,8.58,AS,1727514133
487,medjez el bab,36.6496,9.6123,27.61,57,29,4.73,TN,1727514135
488,fort bragg,35.139,-79.006,19.95,95,0,0.0,US,1727514136
489,sao geraldo do araguaia,-6.4006,-48.555,25.43,62,98,1.54,BR,1727514137
490,kavaratti,10.5669,72.642,28.02,77,87,6.38,IN,1727514138
491,kabansk,52.0486,106.6528,8.47,57,100,2.6,RU,1727514139
492,st. john's,47.5649,-52.7093,11.55,90,100,4.63,CA,1727513854
493,erbil,36.1926,44.0106,32.9,17,0,1.54,IQ,1727514001
494,bengkulu,-3.8004,102.2655,28.42,82,52,4.95,ID,1727513939
495,brisas barra de suchiate,14.55,-92.2167,26.0,82,100,4.02,MX,1727514143
496,la passe,45.5549,-0.8967,13.43,74,2,3.87,FR,1727514144
497,egra,50.0796,12.3739,10.74,87,100,3.35,CZ,1727514145
498,nuuk,64.1835,-51.7216,5.34,93,100,14.4,GL,1727514123
499,at taj,24.2049,23.2857,32.12,27,0,5.81,LY,1727514147
500,edmundston,47.3737,-68.3251,12.64,92,100,0.0,CA,1727514044
501,isla mujeres,21.2311,-86.731,25.09,86,100,3.25,MX,1727514149
502,mushie,-3.0167,16.9,30.89,55,92,2.59,CD,1727514150
503,pinsk,52.1229,26.0951,18.86,60,98,5.91,BY,1727514047
504,santiago de cao,-7.9589,-79.2392,16.07,94,20,3.09,PE,1727514153
505,ulladulla,-35.35,150.4667,13.83,81,16,2.27,AU,1727514154
506,port alfred,-33.5906,26.891,18.99,84,99,0.45,ZA,1727514155
507,lebu,-37.6167,-73.65,10.52,89,100,2.88,CL,1727514156
508,ascencion de guarayos,-15.8963,-63.1881,19.49,66,5,0.38,BO,1727514157
509,rongelap,11.1635,166.8941,28.95,78,100,7.76,MH,1727514158
510,n'zeto,-7.2312,12.8666,25.83,74,100,2.95,AO,1727514159
511,charters towers,-20.1,146.2667,25.72,15,0,5.55,AU,1727514160
512,leo,11.1,-2.1,26.28,78,19,3.43,BF,1727514161
513,flying fish cove,-10.4217,105.6791,26.82,89,100,5.66,CX,1727514162
514,nykarleby,63.5228,22.5307,9.1,59,27,3.24,FI,1727514163
515,fortuna,40.5982,-124.1573,12.18,97,100,2.06,US,1727514164
516,klaksvik,62.2266,-6.589,6.04,69,100,7.74,FO,1727514165
517,nouadhibou,20.931,-17.0347,26.99,61,91,7.72,MR,1727514167
518,vinnytsia,49.2328,28.481,25.21,40,2,5.97,UA,1727514169
519,perry,37.2506,-83.1999,18.84,77,100,4.09,US,1727514170
520,hobbs,32.7026,-103.136,18.05,63,20,1.54,US,1727514171
521,heroica caborca,30.7167,-112.15,27.83,26,0,0.62,MX,1727514172
522,west end,26.6833,-78.9667,29.1,79,95,8.52,BS,1727514173
523,arno,60.1167,18.6333,9.26,74,99,4.17,SE,1727514174
524,knyaze-volkonskoye,48.4642,135.4567,17.19,74,20,1.49,RU,1727514175
525,nueva gerona,21.8833,-82.8,27.14,86,42,4.33,CU,1727514176
526,iquique,-20.2208,-70.1431,15.08,83,55,1.59,CL,1727514029
527,tofol,5.3248,163.0078,28.69,76,79,4.19,FM,1727514178
528,melilla,35.2937,-2.9383,24.21,50,20,1.03,ES,1727514086
529,colac,-38.3333,143.5833,16.79,43,100,4.27,AU,1727514181
530,salinopolis,-0.6136,-47.3561,26.34,80,50,5.34,BR,1727514182
531,ambajogai,18.7333,76.3833,27.91,69,100,4.68,IN,1727514183
532,la palma,33.8464,-118.0467,16.54,92,100,2.06,US,1727514184
533,hadibu,12.65,54.0333,27.7,75,35,7.4,YE,1727514133
534,igarka,67.4667,86.5833,4.43,98,100,5.51,RU,1727514188
535,giyani,-23.3025,30.7187,27.44,39,61,3.12,ZA,1727514189
536,sao vicente,-23.9631,-46.3919,19.43,26,1,1.7,BR,1727514182
537,riosucio,5.4216,-75.7032,16.36,100,100,0.89,CO,1727514191
538,gizo,-8.103,156.8419,27.59,80,98,2.08,SB,1727514192
539,kourou,5.1552,-52.6478,25.14,88,82,2.22,GF,1727514193
540,issia,6.4922,-6.5856,22.87,98,100,0.11,CI,1727514194
541,parabita,40.0519,18.1295,26.29,81,94,3.27,IT,1727514195
542,i-n-salah,27.1935,2.4607,35.27,19,0,6.8,DZ,1727514196
543,languyan,5.2618,120.0807,28.86,74,94,0.67,PH,1727514197
544,bandarbeyla,9.4942,50.8122,31.52,54,66,11.49,SO,1727514198
545,grevena,40.0845,21.4274,25.88,37,0,0.92,GR,1727514199
546,broken hill,-31.95,141.4333,19.36,27,100,3.93,AU,1727514200
547,fenoarivo atsinanana,-17.3667,49.4167,25.88,56,18,3.11,MG,1727514201
548,sawakin,19.1059,37.3321,38.07,31,5,4.97,SD,1727514202
549,tebesbest,33.1167,6.0833,32.69,30,0,4.33,DZ,1727514204
550,askoy,60.4092,5.226,5.16,100,75,1.03,NO,1727514206
551,sukhothai,17.25,99.6667,34.94,59,20,2.06,TH,1727514207
552,nyandoma,61.669,40.1991,15.22,69,100,6.57,RU,1727514208
553,stephenville,32.2207,-98.2023,16.07,82,0,2.57,US,1727514210
554,port saint john's,-31.6229,29.5448,24.76,56,100,3.32,ZA,1727514211
555,xique xique,-10.8217,-42.7311,22.9,68,11,7.79,BR,1727514212
556,orsa,54.5153,30.4053,20.37,68,67,8.56,BY,1727514213
557,mar del plata,-38.0023,-57.5575,10.53,91,75,6.17,AR,1727514054
558,aldinga beach,-35.2793,138.4604,15.35,80,100,7.07,AU,1727514215
559,mersrags,57.3354,23.1246,15.13,75,36,7.43,LV,1727514216
560,salobrena,36.7428,-3.5872,25.26,59,5,4.05,ES,1727514217
561,muli,2.9167,73.5667,28.69,78,77,6.93,MV,1727514219
562,mossendjo,-2.9506,12.7261,25.81,75,98,1.52,CG,1727514220
563,anqing,30.5092,117.0506,31.99,46,22,5.52,CN,1727514221
564,ingeniero jacobacci,-41.3427,-69.5448,5.03,71,100,14.74,AR,1727514222
565,emerald,-23.5333,148.1667,22.41,32,0,3.98,AU,1727514223
566,la'ie,21.6477,-157.9253,25.62,80,20,1.79,US,1727514224
567,tindouf,27.6711,-8.1474,22.25,73,0,6.17,DZ,1727514225
568,puerto el triunfo,13.2833,-88.55,24.28,90,100,1.87,SV,1727514226
569,weno,7.4515,151.8468,29.34,69,76,1.4,FM,1727514227
570,hobyo,5.3505,48.5268,28.43,68,79,10.01,SO,1727514228
571,ecoporanga,-18.3733,-40.8306,19.42,90,1,1.46,BR,1727514036
572,antofagasta,-23.65,-70.4,14.6,91,46,2.26,CL,1727514230
573,machina,13.1364,10.0492,31.23,47,98,4.51,NG,1727514231
574,manaure,11.7751,-72.4445,27.38,77,100,1.75,CO,1727514232
575,harstad,68.799,16.5293,4.53,91,94,8.49,NO,1727514233
576,olinda,-8.0089,-34.8553,25.85,78,75,3.09,BR,1727514234
577,canto do buriti,-8.11,-42.9444,23.49,51,7,2.9,BR,1727514235
578,natal,-5.795,-35.2094,25.12,83,75,4.12,BR,1727514236
579,mweka,-4.85,21.5667,31.8,45,90,2.44,CD,1727514237
580,sola,-13.8833,167.55,25.81,82,41,5.95,VU,1727514239
581,naze,28.3667,129.4833,26.51,91,100,4.03,JP,1727514140
582,kothi,24.75,80.7833,28.79,78,100,4.57,IN,1727514242
583,tres palos,18.1833,-101.6167,20.53,97,89,1.25,MX,1727514243
584,dipayal,29.2608,80.94,25.65,78,100,1.45,NP,1727514244
585,coquimbo,-29.9533,-71.3436,9.85,96,100,2.06,CL,1727514231
